5800090,common\ServerControl
5800092,common\Shop
5810201,common\ServerControl
5810202,common\ServerControl
5810203,common\ServerControl
5810204,common\ServerControl
5810205,common\ServerControl
5810206,common\ServerControl
5810207,common\ServerControl
5810208,common\ServerControl
5810209,common\ServerControl
5810210,common\ServerControl
5810214,f1\FarmGuild
5810220,common\ServerControl
5810221,common\ServerControl
5810222,common\ServerControl
5810223,common\ServerControl
5810224,common\ServerControl